method,seed,closed_gap
closed_form,20260925,0.72719
closed_form,7,0.74672
closed_form,42,0.66145
closed_form,123,0.67558
closed_form,2024,0.71666
fixed_0.3,20260925,0.83635
fixed_0.3,7,0.83029
fixed_0.3,42,0.77571
fixed_0.3,123,0.74742
fixed_0.3,2024,0.85142
fixed_0.5,20260925,0.78404
fixed_0.5,7,0.73692
fixed_0.5,42,0.74392
fixed_0.5,123,0.70697
fixed_0.5,2024,0.81476
fixed_0.7,20260925,0.75492
fixed_0.7,7,0.72555
fixed_0.7,42,0.67504
fixed_0.7,123,0.69578
fixed_0.7,2024,0.76327
oracle,20260925,0.65798
oracle,7,0.65338
oracle,42,0.65478
oracle,123,0.66394
oracle,2024,0.71580
cf_noise_p20,20260925,0.72719
cf_noise_p20,7,0.74672
cf_noise_p20,42,0.66145
cf_noise_p20,123,0.67558
cf_noise_p20,2024,0.71666
cf_noise_m20,20260925,0.72719
cf_noise_m20,7,0.74672
cf_noise_m20,42,0.66145
cf_noise_m20,123,0.67558
cf_noise_m20,2024,0.71666
