family,p,eps2,sigma2,kappa,lam_hat,lam_meas
open_dense,0.0,0.00000,0.00000,0.01071,0.0000,0.6
open_dense,0.15,0.17076,0.02510,0.01071,0.9399,0.8
open_dense,0.3,0.23598,0.02312,0.01071,0.9558,1.0
open_dense,0.45,0.28055,0.01989,0.01071,0.9627,0.8
open_dense,0.6,0.32256,0.01868,0.01071,0.9674,1.0
narrow_corridor,0.0,0.00000,0.00000,0.01500,0.0000,0.4
narrow_corridor,0.15,0.01322,0.00762,0.01500,0.4674,1.0
narrow_corridor,0.3,0.02068,0.01119,0.01500,0.5781,1.0
narrow_corridor,0.45,0.05760,0.02119,0.01500,0.7915,1.0
narrow_corridor,0.6,0.05041,0.02262,0.01500,0.7685,0.8
